,Subject,Topper,Topper Marks,Passed,Failed,Pass %,Fail %,Average,Status
1,Maths,Betty,100,432,68,86.4,13.600000000000001,62.794,Good
2,Science,Alexander,100,421,79,84.2,15.8,60.328,Average
3,Social_sci,Eric,100,428,72,85.6,14.399999999999999,62.026,Good
4,English,Angela,100,439,61,87.8,12.2,61.694,Good
5,Marathi,Brandon,100,428,72,85.6,14.399999999999999,63.024,Good
6,Kannada,Allison,100,426,74,85.2,14.799999999999999,62.28,Good
