Subject,Topper,Topper Marks,Passed,Failed,Pass %,Fail %,Average,Status
Maths,Ashley,100,432,68,86.4,13.600000000000001,62.794,Good
Science,Alyssa,100,421,79,84.2,15.8,60.328,Average
Social_sci,Erin,100,428,72,85.6,14.399999999999999,62.026,Good
English,Angela,100,439,61,87.8,12.2,61.694,Good
Marathi,Becky,100,428,72,85.6,14.399999999999999,63.024,Good
Kannada,Amanda,100,426,74,85.2,14.799999999999999,62.28,Good
